canonical_name,jurisdiction_id,notes,person_id,row_updated_at,source_ids,status
Kimo Alameda,jurisdiction-hi-hawaii-county,Normalized from asrt-hi-raw001-hawaii-mayor-kimo-alameda under HI-NORM-001; canonical roster name preserved; no name tokenization or biography inferred.,person-hi-hawaii-kimo-alameda,46284,src-hi-hawaii-mayor-directory-20260823;src-hi-hawaii-kimo-alameda-direct-20260919,ACTIVE
Heather L. Kimball,jurisdiction-hi-hawaii-county,Normalized from asrt-hi-raw001-hawaii-council-d1-heather-kimball under HI-NORM-001; canonical roster name preserved.,person-hi-hawaii-heather-kimball,46284,src-hi-hawaii-council-20260823;src-hi-hawaii-council-members-20260919,ACTIVE
"Jennifer ""Jenn"" Kagiwada",jurisdiction-hi-hawaii-county,Normalized from asrt-hi-raw001-hawaii-council-d2-jennifer-kagiwada under HI-NORM-001; canonical roster name preserved.,person-hi-hawaii-jennifer-kagiwada,46284,src-hi-hawaii-council-20260823;src-hi-hawaii-council-members-20260919,ACTIVE
Dennis “Fresh” Onishi,jurisdiction-hi-hawaii-county,Normalized from asrt-hi-raw001-hawaii-council-d3-dennis-onishi under HI-NORM-001; canonical roster name preserved.,person-hi-hawaii-dennis-onishi,46284,src-hi-hawaii-council-20260823;src-hi-hawaii-council-members-20260919,ACTIVE
Ashley L. Kierkiewicz,jurisdiction-hi-hawaii-county,Normalized from asrt-hi-raw001-hawaii-council-d4-ashley-kierkiewicz under HI-NORM-001; canonical roster name preserved.,person-hi-hawaii-ashley-kierkiewicz,46284,src-hi-hawaii-council-20260823;src-hi-hawaii-council-members-20260919,ACTIVE
Matt Kanealiʻi-Kleinfelder,jurisdiction-hi-hawaii-county,Normalized from asrt-hi-raw001-hawaii-council-d5-matt-kanealii-kleinfelder under HI-NORM-001; canonical roster name preserved.,person-hi-hawaii-matt-kanealii-kleinfelder,46284,src-hi-hawaii-council-20260823;src-hi-hawaii-council-members-20260919,ACTIVE
Michelle Galimba,jurisdiction-hi-hawaii-county,Normalized from asrt-hi-raw001-hawaii-council-d6-michelle-galimba under HI-NORM-001; canonical roster name preserved.,person-hi-hawaii-michelle-galimba,46284,src-hi-hawaii-council-20260823;src-hi-hawaii-council-members-20260919,ACTIVE
Rebecca Villegas,jurisdiction-hi-hawaii-county,Normalized from asrt-hi-raw001-hawaii-council-d7-rebecca-villegas under HI-NORM-001; canonical roster name preserved.,person-hi-hawaii-rebecca-villegas,46284,src-hi-hawaii-council-20260823;src-hi-hawaii-council-members-20260919,ACTIVE
Dr. Holeka Goro Inaba,jurisdiction-hi-hawaii-county,Normalized from asrt-hi-raw001-hawaii-council-d8-holeka-goro-inaba under HI-NORM-001; canonical roster name preserved.,person-hi-hawaii-holeka-goro-inaba,46284,src-hi-hawaii-council-20260823;src-hi-hawaii-council-members-20260919,ACTIVE
James E. Hustace,jurisdiction-hi-hawaii-county,Normalized from asrt-hi-raw001-hawaii-council-d9-james-hustace under HI-NORM-001; canonical roster name preserved.,person-hi-hawaii-james-hustace,46284,src-hi-hawaii-council-20260823;src-hi-hawaii-council-members-20260919,ACTIVE
