body_id,branch,constituency,jurisdiction_id,notes,occupancy_status,office_id,office_name,office_type,official_url,represented_division_id,row_updated_at,seats,selection_method,source_ids,status
,EXECUTIVE,CONSOLIDATED_JURISDICTION_COUNTYWIDE,jurisdiction-hi-honolulu-county,Current elected Mayor office of the single consolidated government; no duplicate city/county executive office.,FILLED,office-hi-honolulu-mayor,Mayor of the City and County of Honolulu,MAYOR,https://www.honolulu.gov/mayor/townhall/,,46257,1,ELECTED,src-hi-honolulu-mayor-20260823;src-hi-honolulu-charter-20260823;src-hi-honolulu-elections-20260823,ACTIVE
body-hi-honolulu-city-council,LEGISLATIVE,DISTRICT,jurisdiction-hi-honolulu-county,Durable district Council office of the consolidated City and County; exact holder interval not inferred.,FILLED,office-hi-honolulu-council-district-1,Honolulu City Council Member — District 1,COUNCIL_MEMBER,https://www.honolulucitycouncil.org/,division-hi-honolulu-council-district-1,46257,1,ELECTED,src-hi-honolulu-city-council-roster-20260823;src-hi-honolulu-charter-20260823;src-hi-honolulu-elections-20260823,ACTIVE
body-hi-honolulu-city-council,LEGISLATIVE,DISTRICT,jurisdiction-hi-honolulu-county,Durable district Council office of the consolidated City and County; exact holder interval not inferred.,FILLED,office-hi-honolulu-council-district-2,Honolulu City Council Member — District 2,COUNCIL_MEMBER,https://www.honolulucitycouncil.org/,division-hi-honolulu-council-district-2,46257,1,ELECTED,src-hi-honolulu-city-council-roster-20260823;src-hi-honolulu-charter-20260823;src-hi-honolulu-elections-20260823,ACTIVE
body-hi-honolulu-city-council,LEGISLATIVE,DISTRICT,jurisdiction-hi-honolulu-county,Durable district Council office of the consolidated City and County; exact holder interval not inferred.,FILLED,office-hi-honolulu-council-district-3,Honolulu City Council Member — District 3,COUNCIL_MEMBER,https://www.honolulucitycouncil.org/,division-hi-honolulu-council-district-3,46257,1,ELECTED,src-hi-honolulu-city-council-roster-20260823;src-hi-honolulu-charter-20260823;src-hi-honolulu-elections-20260823,ACTIVE
body-hi-honolulu-city-council,LEGISLATIVE,DISTRICT,jurisdiction-hi-honolulu-county,Durable district Council office of the consolidated City and County; exact holder interval not inferred.,FILLED,office-hi-honolulu-council-district-4,Honolulu City Council Member — District 4,COUNCIL_MEMBER,https://www.honolulucitycouncil.org/,division-hi-honolulu-council-district-4,46257,1,ELECTED,src-hi-honolulu-city-council-roster-20260823;src-hi-honolulu-charter-20260823;src-hi-honolulu-elections-20260823,ACTIVE
body-hi-honolulu-city-council,LEGISLATIVE,DISTRICT,jurisdiction-hi-honolulu-county,Durable district Council office of the consolidated City and County; exact holder interval not inferred.,FILLED,office-hi-honolulu-council-district-5,Honolulu City Council Member — District 5,COUNCIL_MEMBER,https://www.honolulucitycouncil.org/,division-hi-honolulu-council-district-5,46257,1,ELECTED,src-hi-honolulu-city-council-roster-20260823;src-hi-honolulu-charter-20260823;src-hi-honolulu-elections-20260823,ACTIVE
body-hi-honolulu-city-council,LEGISLATIVE,DISTRICT,jurisdiction-hi-honolulu-county,Durable district Council office of the consolidated City and County; exact holder interval not inferred.,FILLED,office-hi-honolulu-council-district-6,Honolulu City Council Member — District 6,COUNCIL_MEMBER,https://www.honolulucitycouncil.org/,division-hi-honolulu-council-district-6,46257,1,ELECTED,src-hi-honolulu-city-council-roster-20260823;src-hi-honolulu-charter-20260823;src-hi-honolulu-elections-20260823,ACTIVE
body-hi-honolulu-city-council,LEGISLATIVE,DISTRICT,jurisdiction-hi-honolulu-county,Durable district Council office of the consolidated City and County; exact holder interval not inferred.,FILLED,office-hi-honolulu-council-district-7,Honolulu City Council Member — District 7,COUNCIL_MEMBER,https://www.honolulucitycouncil.org/,division-hi-honolulu-council-district-7,46257,1,ELECTED,src-hi-honolulu-city-council-roster-20260823;src-hi-honolulu-charter-20260823;src-hi-honolulu-elections-20260823,ACTIVE
body-hi-honolulu-city-council,LEGISLATIVE,DISTRICT,jurisdiction-hi-honolulu-county,Durable district Council office of the consolidated City and County; exact holder interval not inferred.,FILLED,office-hi-honolulu-council-district-8,Honolulu City Council Member — District 8,COUNCIL_MEMBER,https://www.honolulucitycouncil.org/,division-hi-honolulu-council-district-8,46257,1,ELECTED,src-hi-honolulu-city-council-roster-20260823;src-hi-honolulu-charter-20260823;src-hi-honolulu-elections-20260823,ACTIVE
body-hi-honolulu-city-council,LEGISLATIVE,DISTRICT,jurisdiction-hi-honolulu-county,Durable district Council office of the consolidated City and County; exact holder interval not inferred.,FILLED,office-hi-honolulu-council-district-9,Honolulu City Council Member — District 9,COUNCIL_MEMBER,https://www.honolulucitycouncil.org/,division-hi-honolulu-council-district-9,46257,1,ELECTED,src-hi-honolulu-city-council-roster-20260823;src-hi-honolulu-charter-20260823;src-hi-honolulu-elections-20260823,ACTIVE
