accessed_at,authority_level,batch_id,jurisdiction_id,locator,notes,publisher,source_id,source_type,supports_entity_id,supports_entity_type,title,url
2026-08-23,PRIMARY_OFFICIAL,HI-SRC-001,jurisdiction-hi-kauai-county,"Executive roster, contact, boards/commissions and administration surface",Official executive/source-map surface.,County of Kauaʻi,src-hi-kauai-mayor-20260823,OFFICIAL_DIRECTORY,jurisdiction-hi-kauai-county,Jurisdiction,Office of the Mayor,https://www.kauai.gov/Government/Office-of-the-Mayor
2026-08-23,PRIMARY_OFFICIAL,HI-SRC-001,jurisdiction-hi-kauai-county,"Current council roster, meetings, committees, contacts, charter and code links",Legislative/source-map surface including charter and meeting documents.,County of Kauaʻi,src-hi-kauai-council-charter-20260823,OFFICIAL_DIRECTORY,jurisdiction-hi-kauai-county,Jurisdiction,County Council,https://www.kauai.gov/Government/Council
2026-08-23,PRIMARY_OFFICIAL,HI-SRC-001,jurisdiction-hi-kauai-county,County election administration and 2026 election notices/calendar,Primary county election authority.,County of Kauaʻi Elections Division,src-hi-kauai-elections-20260823,ELECTION_AUTHORITY,jurisdiction-hi-kauai-county,Jurisdiction,Elections Division,https://www.kauai.gov/Government/Council/Office-of-the-County-Clerk/Elections-Division
2026-08-23,PRIMARY_OFFICIAL,HI-SRC-001,jurisdiction-hi-kauai-county,County GEOID 15007 / GEOIDFQ 0500000US15007,Canonical county geography source.,U.S. Census Bureau,src-hi-kauai-census-county-20260823,US_CENSUS,jurisdiction-hi-kauai-county,Jurisdiction,BAS26 Hawaii County Geography,https://tigerweb.geo.census.gov/tigerwebmain/Files/bas26/tigerweb_bas26_county_hi.html
2026-09-19,PRIMARY_OFFICIAL,HI-REFRESH-001,jurisdiction-hi-kauai-county,Derek S.K. Kawakami — Mayor,DIRECT_PAGE: official page content retrieved and reviewed on 2026-09-19. Current mayor matches existing record.,County of Kauaʻi,src-hi-kauai-mayor-20260919,OFFICIAL_DIRECTORY,office-hi-kauai-mayor,Office,Office of the Mayor,https://www.kauai.gov/Government/Office-of-the-Mayor
2026-09-19,PRIMARY_OFFICIAL,HI-REFRESH-001,jurisdiction-hi-kauai-county,member name and council role,DIRECT_PAGE: official page content retrieved and reviewed on 2026-09-19. Council member identity matches existing record. No holder change observed.,County of Kauaʻi,src-hi-kauai-mel-rapozo-20260919,OFFICIAL_DIRECTORY,person-hi-kauai-mel-rapozo,Person,Councilmembers 2024–2026 — Mel Rapozo,https://www.kauai.gov/Government/Council/Councilmembers-2024-2026/Mel-Rapozo
2026-09-19,PRIMARY_OFFICIAL,HI-REFRESH-001,jurisdiction-hi-kauai-county,member name and council role,DIRECT_PAGE: official page content retrieved and reviewed on 2026-09-19. Council member identity matches existing record. No holder change observed.,County of Kauaʻi,src-hi-kauai-kipukai-kualii-20260919,OFFICIAL_DIRECTORY,person-hi-kauai-kipukai-kualii,Person,Councilmembers 2024–2026 — KipuKai Kuali‘i,https://www.kauai.gov/Government/Council/Councilmembers-2024-2026/KipuKai-Kualii
2026-09-19,PRIMARY_OFFICIAL,HI-REFRESH-001,jurisdiction-hi-kauai-county,member name and council role,DIRECT_PAGE: official page content retrieved and reviewed on 2026-09-19. Council member identity matches existing record. No holder change observed.,County of Kauaʻi,src-hi-kauai-addison-bulosan-20260919,OFFICIAL_DIRECTORY,person-hi-kauai-addison-bulosan,Person,Councilmembers 2024–2026 — Addison Bulosan,https://www.kauai.gov/Government/Council/Councilmembers-2024-2026/Addison-Bulosan
2026-09-19,PRIMARY_OFFICIAL,HI-REFRESH-001,jurisdiction-hi-kauai-county,member name and council role,DIRECT_PAGE: official page content retrieved and reviewed on 2026-09-19. Council member identity matches existing record. No holder change observed.,County of Kauaʻi,src-hi-kauai-bernard-carvalho-20260919,OFFICIAL_DIRECTORY,person-hi-kauai-bernard-carvalho,Person,"Councilmembers 2024–2026 — Bernard P. Carvalho, Jr.",https://www.kauai.gov/Government/Council/Councilmembers-2024-2026/Bernard-P-Carvalho-Jr
2026-09-19,PRIMARY_OFFICIAL,HI-REFRESH-001,jurisdiction-hi-kauai-county,Indexed member name and council role,"INDEX_ONLY: official search listing observed; direct page retrieval returned HTTP 403. accessed_at records the index observation, not full page access. Council member identity matches existing record. Full-page verification pending.",County of Kauaʻi,src-hi-kauai-felicia-cowden-20260919,OFFICIAL_DIRECTORY,person-hi-kauai-felicia-cowden,Person,Councilmembers 2024–2026 — Felicia Cowden,https://www.kauai.gov/Government/Council/Councilmembers-2024-2026/Felicia-Cowden
2026-09-19,PRIMARY_OFFICIAL,HI-REFRESH-001,jurisdiction-hi-kauai-county,Indexed member name and council role,"INDEX_ONLY: official search listing observed; direct page retrieval returned HTTP 403. accessed_at records the index observation, not full page access. Council member identity matches existing record. Full-page verification pending.",County of Kauaʻi,src-hi-kauai-fern-holland-20260919,OFFICIAL_DIRECTORY,person-hi-kauai-fern-holland,Person,Councilmembers 2024–2026 — Fern Holland,https://www.kauai.gov/Government/Council/Councilmembers-2024-2026/Fern-Holland
2026-09-19,PRIMARY_OFFICIAL,HI-REFRESH-001,jurisdiction-hi-kauai-county,Indexed member name and council role,"INDEX_ONLY: official search listing observed; direct page retrieval returned HTTP 403. accessed_at records the index observation, not full page access. Council member identity matches existing record. Full-page verification pending.",County of Kauaʻi,src-hi-kauai-arryl-kaneshiro-20260919,OFFICIAL_DIRECTORY,person-hi-kauai-arryl-kaneshiro,Person,Councilmembers 2024–2026 — Arryl Kaneshiro,https://www.kauai.gov/Government/Council/Councilmembers-2024-2026/Arryl-Kaneshiro
2026-09-19,PRIMARY_OFFICIAL,HI-REFRESH-002,jurisdiction-hi-kauai-county,Member heading and Councilmember designation,DIRECT_BROWSER_PAGE: full official page rendered and reviewed 2026-09-19. Confirms existing current-holder identity and role. Resolves the earlier indexed-only access limitation; prior source observation retained.,County of Kauaʻi,src-hi-kauai-felicia-cowden-direct-20260919,OFFICIAL_DIRECTORY,person-hi-kauai-felicia-cowden,Person,Felicia Cowden,https://www.kauai.gov/Government/Council/Councilmembers-2024-2026/Felicia-Cowden
2026-09-19,PRIMARY_OFFICIAL,HI-REFRESH-002,jurisdiction-hi-kauai-county,Member heading and Councilmember designation,DIRECT_BROWSER_PAGE: full official page rendered and reviewed 2026-09-19. Confirms existing current-holder identity and role. Resolves the earlier indexed-only access limitation; prior source observation retained.,County of Kauaʻi,src-hi-kauai-fern-holland-direct-20260919,OFFICIAL_DIRECTORY,person-hi-kauai-fern-holland,Person,Fern Holland,https://www.kauai.gov/Government/Council/Councilmembers-2024-2026/Fern-Holland
2026-09-19,PRIMARY_OFFICIAL,HI-REFRESH-002,jurisdiction-hi-kauai-county,Member heading and Councilmember designation,DIRECT_BROWSER_PAGE: full official page rendered and reviewed 2026-09-19. Confirms existing current-holder identity and role. Resolves the earlier indexed-only access limitation; prior source observation retained.,County of Kauaʻi,src-hi-kauai-arryl-kaneshiro-direct-20260919,OFFICIAL_DIRECTORY,person-hi-kauai-arryl-kaneshiro,Person,Arryl Kaneshiro,https://www.kauai.gov/Government/Council/Councilmembers-2024-2026/Arryl-Kaneshiro
