address_routing_level,boundary_status,division_id,division_type,jurisdiction_id,name,notes,source_ids,status
RESIDENCY_QUALIFICATION,NOT_CAPTURED,division-hi-maui-residency-lanai,COUNCIL_RESIDENCY_AREA,jurisdiction-hi-maui-county,Lānaʻi Residency Area,Charter-defined residency qualification for a countywide at-large Council seat; not a separate government or district-only electorate.,src-hi-maui-charter-20260823,ACTIVE
RESIDENCY_QUALIFICATION,NOT_CAPTURED,division-hi-maui-residency-molokai,COUNCIL_RESIDENCY_AREA,jurisdiction-hi-maui-county,Molokaʻi Residency Area,Charter-defined residency qualification for a countywide at-large Council seat; not a separate government or district-only electorate.,src-hi-maui-charter-20260823,ACTIVE
RESIDENCY_QUALIFICATION,NOT_CAPTURED,division-hi-maui-residency-east-maui,COUNCIL_RESIDENCY_AREA,jurisdiction-hi-maui-county,East Maui (Hāna-Keʻanae-Kailua) Residency Area,Charter-defined residency qualification for a countywide at-large Council seat; not a separate government or district-only electorate.,src-hi-maui-charter-20260823,ACTIVE
RESIDENCY_QUALIFICATION,NOT_CAPTURED,division-hi-maui-residency-west-maui,COUNCIL_RESIDENCY_AREA,jurisdiction-hi-maui-county,West Maui Residency Area,Charter-defined residency qualification for a countywide at-large Council seat; not a separate government or district-only electorate.,src-hi-maui-charter-20260823,ACTIVE
RESIDENCY_QUALIFICATION,NOT_CAPTURED,division-hi-maui-residency-makawao-haiku-paia,COUNCIL_RESIDENCY_AREA,jurisdiction-hi-maui-county,Makawao-Haʻikū-Pāʻia Residency Area,Charter-defined residency qualification for a countywide at-large Council seat; not a separate government or district-only electorate.,src-hi-maui-charter-20260823,ACTIVE
RESIDENCY_QUALIFICATION,NOT_CAPTURED,division-hi-maui-residency-upcountry,COUNCIL_RESIDENCY_AREA,jurisdiction-hi-maui-county,Upcountry (Pukalani-Kula-ʻUlupalakua) Residency Area,Charter-defined residency qualification for a countywide at-large Council seat; not a separate government or district-only electorate.,src-hi-maui-charter-20260823,ACTIVE
RESIDENCY_QUALIFICATION,NOT_CAPTURED,division-hi-maui-residency-south-maui,COUNCIL_RESIDENCY_AREA,jurisdiction-hi-maui-county,South Maui Residency Area,Charter-defined residency qualification for a countywide at-large Council seat; not a separate government or district-only electorate.,src-hi-maui-charter-20260823,ACTIVE
RESIDENCY_QUALIFICATION,NOT_CAPTURED,division-hi-maui-residency-kahului,COUNCIL_RESIDENCY_AREA,jurisdiction-hi-maui-county,Kahului Residency Area,Charter-defined residency qualification for a countywide at-large Council seat; not a separate government or district-only electorate.,src-hi-maui-charter-20260823,ACTIVE
RESIDENCY_QUALIFICATION,NOT_CAPTURED,division-hi-maui-residency-wailuku-waihee-waikapu,COUNCIL_RESIDENCY_AREA,jurisdiction-hi-maui-county,Wailuku-Waiheʻe-Waikapū Residency Area,Charter-defined residency qualification for a countywide at-large Council seat; not a separate government or district-only electorate.,src-hi-maui-charter-20260823,ACTIVE
