assertion_ids,body_id,confidence,interval_semantics,jurisdiction_id,notes,office_id,person_id,role_term_id,row_updated_at,selection_type,source_ids,status,title
asrt-hi-raw001-maui-mayor-richard-bissen;asrt-hi-refresh001-maui-richard-bissen-holder,,HIGH,CURRENT_SERVICE_WITHOUT_EXACT_INTERVAL,jurisdiction-hi-maui-county,Current service normalized under HI-NORM-001 from governed official roster; exact selection/start/end dates are not inferred.,office-hi-maui-mayor,person-hi-maui-richard-bissen,role-hi-maui-richard-bissen,46284,ELECTED,src-hi-maui-mayor-directory-20260823;src-hi-maui-mayor-directory-20260919,CURRENT,Mayor
asrt-hi-raw001-maui-council-alice-lee;asrt-hi-refresh001-maui-alice-lee-holder,body-hi-maui-county-council,HIGH,CURRENT_SERVICE_WITHOUT_EXACT_INTERVAL,jurisdiction-hi-maui-county,Current service normalized under HI-NORM-001 from governed official roster; exact selection/start/end dates are not inferred.,office-hi-maui-council-wailuku-waihee-waikapu,person-hi-maui-alice-lee,role-hi-maui-alice-lee,46284,ELECTED,src-hi-maui-council-20260823;src-hi-maui-charter-20260823;src-hi-maui-council-members-20260919,CURRENT,Councilmember
asrt-hi-raw001-maui-council-yuki-lei-sugimura;asrt-hi-refresh001-maui-yuki-lei-sugimura-holder,body-hi-maui-county-council,HIGH,CURRENT_SERVICE_WITHOUT_EXACT_INTERVAL,jurisdiction-hi-maui-county,Current service normalized under HI-NORM-001 from governed official roster; exact selection/start/end dates are not inferred.,office-hi-maui-council-upcountry,person-hi-maui-yuki-lei-sugimura,role-hi-maui-yuki-lei-sugimura,46284,ELECTED,src-hi-maui-council-20260823;src-hi-maui-charter-20260823;src-hi-maui-council-members-20260919,CURRENT,Councilmember
asrt-hi-raw001-maui-council-kauanoe-batangan;asrt-hi-refresh001-maui-kauanoe-batangan-holder;asrt-hi-refresh001-maui-batangan-selection-type,body-hi-maui-county-council,HIGH,CURRENT_SERVICE_WITHOUT_EXACT_INTERVAL,jurisdiction-hi-maui-county,HI-REFRESH-001 2026-09-19: selection_type corrected from ELECTED to APPOINTED using the county's 2025-12-16 announcement. It announces 2026-01-01 assumption of office; exact actual tenure interval remains unspecified. Current holder reconfirmed. Earlier source/assertion links retained. Correction has not been republished.,office-hi-maui-council-kahului,person-hi-maui-kauanoe-batangan,role-hi-maui-kauanoe-batangan,46284,APPOINTED,src-hi-maui-council-20260823;src-hi-maui-charter-20260823;src-hi-maui-council-members-20260919;src-hi-maui-batangan-appointment-20260919,CURRENT,Councilmember
asrt-hi-raw001-maui-council-tom-cook;asrt-hi-refresh001-maui-tom-cook-holder,body-hi-maui-county-council,HIGH,CURRENT_SERVICE_WITHOUT_EXACT_INTERVAL,jurisdiction-hi-maui-county,Current service normalized under HI-NORM-001 from governed official roster; exact selection/start/end dates are not inferred.,office-hi-maui-council-south-maui,person-hi-maui-tom-cook,role-hi-maui-tom-cook,46284,ELECTED,src-hi-maui-council-20260823;src-hi-maui-charter-20260823;src-hi-maui-council-members-20260919,CURRENT,Councilmember
asrt-hi-raw001-maui-council-gabe-johnson;asrt-hi-refresh001-maui-gabe-johnson-holder,body-hi-maui-county-council,HIGH,CURRENT_SERVICE_WITHOUT_EXACT_INTERVAL,jurisdiction-hi-maui-county,Current service normalized under HI-NORM-001 from governed official roster; exact selection/start/end dates are not inferred.,office-hi-maui-council-lanai,person-hi-maui-gabe-johnson,role-hi-maui-gabe-johnson,46284,ELECTED,src-hi-maui-council-20260823;src-hi-maui-charter-20260823;src-hi-maui-council-members-20260919,CURRENT,Councilmember
asrt-hi-raw001-maui-council-tamara-paltin;asrt-hi-refresh001-maui-tamara-paltin-holder,body-hi-maui-county-council,HIGH,CURRENT_SERVICE_WITHOUT_EXACT_INTERVAL,jurisdiction-hi-maui-county,Current service normalized under HI-NORM-001 from governed official roster; exact selection/start/end dates are not inferred.,office-hi-maui-council-west-maui,person-hi-maui-tamara-paltin,role-hi-maui-tamara-paltin,46284,ELECTED,src-hi-maui-council-20260823;src-hi-maui-charter-20260823;src-hi-maui-council-members-20260919,CURRENT,Councilmember
asrt-hi-raw001-maui-council-keani-rawlins-fernandez;asrt-hi-refresh001-maui-keani-rawlins-fernandez-holder,body-hi-maui-county-council,HIGH,CURRENT_SERVICE_WITHOUT_EXACT_INTERVAL,jurisdiction-hi-maui-county,Current service normalized under HI-NORM-001 from governed official roster; exact selection/start/end dates are not inferred.,office-hi-maui-council-molokai,person-hi-maui-keani-rawlins-fernandez,role-hi-maui-keani-rawlins-fernandez,46284,ELECTED,src-hi-maui-council-20260823;src-hi-maui-charter-20260823;src-hi-maui-council-members-20260919,CURRENT,Councilmember
asrt-hi-raw001-maui-council-shane-sinenci;asrt-hi-refresh001-maui-shane-sinenci-holder,body-hi-maui-county-council,HIGH,CURRENT_SERVICE_WITHOUT_EXACT_INTERVAL,jurisdiction-hi-maui-county,Current service normalized under HI-NORM-001 from governed official roster; exact selection/start/end dates are not inferred.,office-hi-maui-council-east-maui,person-hi-maui-shane-sinenci,role-hi-maui-shane-sinenci,46284,ELECTED,src-hi-maui-council-20260823;src-hi-maui-charter-20260823;src-hi-maui-council-members-20260919,CURRENT,Councilmember
asrt-hi-raw001-maui-council-nohelani-uu-hodgins;asrt-hi-refresh001-maui-nohelani-uu-hodgins-holder,body-hi-maui-county-council,HIGH,CURRENT_SERVICE_WITHOUT_EXACT_INTERVAL,jurisdiction-hi-maui-county,Current service normalized under HI-NORM-001 from governed official roster; exact selection/start/end dates are not inferred.,office-hi-maui-council-makawao-haiku-paia,person-hi-maui-nohelani-uu-hodgins,role-hi-maui-nohelani-uu-hodgins,46284,ELECTED,src-hi-maui-council-20260823;src-hi-maui-charter-20260823;src-hi-maui-council-members-20260919,CURRENT,Councilmember
