candidacy_id,person_id,candidate_full_name,candidacy_status,incumbent_status,contest_id,contest_label,office_id,office_name,election_id,election_date,primary_source_record_id
cand-wb020-0cc2e2de03419ad3847b0f580bf9352b5112fcdf333e349b9eb8f9f19ae5109c,per-wb020-0cc2e2de03419ad3847b0f580bf9352b5112fcdf333e349b9eb8f9f19ae5109c,John Desmuke,Filed,Unknown,con-wb020-5bd069104875a963c6b2bdf66738c64bba137567fb57c0ab3a29aab968ff65a7,City Council - At-Large | 2026-05-02 General,off-wb020-9011d7164077b4c6985b0d7588029d78631d067c5674f6e974e911c9ac102f8c,City Council,elec-wb020-6d8080dbbc555d492f92c3dcd21225a943763e4afc2018501bac47a73ae5fbd1,2026-05-02,sr-wb020-0cc2e2de03419ad3847b0f580bf9352b5112fcdf333e349b9eb8f9f19ae5109c
cand-wb020-2ad087728f71e95a0a6e97a66461b94ef70749294dc67199b01a390eeae8e5ac,per-wb020-2ad087728f71e95a0a6e97a66461b94ef70749294dc67199b01a390eeae8e5ac,John Young,Filed,Unknown,con-wb020-5bd069104875a963c6b2bdf66738c64bba137567fb57c0ab3a29aab968ff65a7,City Council - At-Large | 2026-05-02 General,off-wb020-9011d7164077b4c6985b0d7588029d78631d067c5674f6e974e911c9ac102f8c,City Council,elec-wb020-6d8080dbbc555d492f92c3dcd21225a943763e4afc2018501bac47a73ae5fbd1,2026-05-02,sr-wb020-2ad087728f71e95a0a6e97a66461b94ef70749294dc67199b01a390eeae8e5ac
cand-wb020-3f16f96e63c768ec93ab0b22c733a8c02e809363114c58eca6c9cb518c82c4c0,per-wb020-3f16f96e63c768ec93ab0b22c733a8c02e809363114c58eca6c9cb518c82c4c0,Bobby L. Summers,Filed,Unknown,con-wb020-5bd069104875a963c6b2bdf66738c64bba137567fb57c0ab3a29aab968ff65a7,City Council - At-Large | 2026-05-02 General,off-wb020-9011d7164077b4c6985b0d7588029d78631d067c5674f6e974e911c9ac102f8c,City Council,elec-wb020-6d8080dbbc555d492f92c3dcd21225a943763e4afc2018501bac47a73ae5fbd1,2026-05-02,sr-wb020-3f16f96e63c768ec93ab0b22c733a8c02e809363114c58eca6c9cb518c82c4c0
cand-wb020-468b7c5584bd392d76a7c0831f7b0889848beaeeadfcdb2b6ba06b6223f0ab4f,per-wb020-468b7c5584bd392d76a7c0831f7b0889848beaeeadfcdb2b6ba06b6223f0ab4f,Brenda Roberts,Filed,Unknown,con-wb020-5bd069104875a963c6b2bdf66738c64bba137567fb57c0ab3a29aab968ff65a7,City Council - At-Large | 2026-05-02 General,off-wb020-9011d7164077b4c6985b0d7588029d78631d067c5674f6e974e911c9ac102f8c,City Council,elec-wb020-6d8080dbbc555d492f92c3dcd21225a943763e4afc2018501bac47a73ae5fbd1,2026-05-02,sr-wb020-468b7c5584bd392d76a7c0831f7b0889848beaeeadfcdb2b6ba06b6223f0ab4f
cand-wb020-6437e3872b243ba5742ed409a40005337e0bdc66daaf21b1afbfcdb1d7cc2f3c,per-wb020-6437e3872b243ba5742ed409a40005337e0bdc66daaf21b1afbfcdb1d7cc2f3c,Odell Nevills,Filed,Unknown,con-wb020-5bd069104875a963c6b2bdf66738c64bba137567fb57c0ab3a29aab968ff65a7,City Council - At-Large | 2026-05-02 General,off-wb020-9011d7164077b4c6985b0d7588029d78631d067c5674f6e974e911c9ac102f8c,City Council,elec-wb020-6d8080dbbc555d492f92c3dcd21225a943763e4afc2018501bac47a73ae5fbd1,2026-05-02,sr-wb020-6437e3872b243ba5742ed409a40005337e0bdc66daaf21b1afbfcdb1d7cc2f3c
cand-wb020-865c0498178143e1d9cccd8bb14a89ee66283ba7607cd2e8a3808893a52a3a91,per-wb020-865c0498178143e1d9cccd8bb14a89ee66283ba7607cd2e8a3808893a52a3a91,Dania Chapman,Filed,Unknown,con-wb020-5bd069104875a963c6b2bdf66738c64bba137567fb57c0ab3a29aab968ff65a7,City Council - At-Large | 2026-05-02 General,off-wb020-9011d7164077b4c6985b0d7588029d78631d067c5674f6e974e911c9ac102f8c,City Council,elec-wb020-6d8080dbbc555d492f92c3dcd21225a943763e4afc2018501bac47a73ae5fbd1,2026-05-02,sr-wb020-865c0498178143e1d9cccd8bb14a89ee66283ba7607cd2e8a3808893a52a3a91
cand-wb020-d3b218cf2b50a6e0c763fb2a1e9a61299bc6527a84c49de0c547d57db349feb4,per-wb020-d3b218cf2b50a6e0c763fb2a1e9a61299bc6527a84c49de0c547d57db349feb4,Ray Gonzales,Filed,Unknown,con-wb020-5bd069104875a963c6b2bdf66738c64bba137567fb57c0ab3a29aab968ff65a7,City Council - At-Large | 2026-05-02 General,off-wb020-9011d7164077b4c6985b0d7588029d78631d067c5674f6e974e911c9ac102f8c,City Council,elec-wb020-6d8080dbbc555d492f92c3dcd21225a943763e4afc2018501bac47a73ae5fbd1,2026-05-02,sr-wb020-d3b218cf2b50a6e0c763fb2a1e9a61299bc6527a84c49de0c547d57db349feb4
cand-wb020-dd1616503afffebb120432a9fb0124ee486df769067cf3ae7d45ccd914cd9f6b,per-wb020-dd1616503afffebb120432a9fb0124ee486df769067cf3ae7d45ccd914cd9f6b,Andrea Fullner,Filed,Unknown,con-wb020-5bd069104875a963c6b2bdf66738c64bba137567fb57c0ab3a29aab968ff65a7,City Council - At-Large | 2026-05-02 General,off-wb020-9011d7164077b4c6985b0d7588029d78631d067c5674f6e974e911c9ac102f8c,City Council,elec-wb020-6d8080dbbc555d492f92c3dcd21225a943763e4afc2018501bac47a73ae5fbd1,2026-05-02,sr-wb020-dd1616503afffebb120432a9fb0124ee486df769067cf3ae7d45ccd914cd9f6b
cand-wb020-e8c83e021ea96b10f0a17efd314b5af7a9dec3ab6fc83a8245a21ec423230444,per-wb020-e8c83e021ea96b10f0a17efd314b5af7a9dec3ab6fc83a8245a21ec423230444,Trevor Baize,Filed,Unknown,con-wb020-5bd069104875a963c6b2bdf66738c64bba137567fb57c0ab3a29aab968ff65a7,City Council - At-Large | 2026-05-02 General,off-wb020-9011d7164077b4c6985b0d7588029d78631d067c5674f6e974e911c9ac102f8c,City Council,elec-wb020-6d8080dbbc555d492f92c3dcd21225a943763e4afc2018501bac47a73ae5fbd1,2026-05-02,sr-wb020-e8c83e021ea96b10f0a17efd314b5af7a9dec3ab6fc83a8245a21ec423230444
